{
    "arabica": [
        {
            "foto": "https://ds393qgzrxwzn.cloudfront.net/resize/c500x500/cat1/img/images/0/GwIzjRQ50d.jpg",
            "nama": "Cappuccino Arabica",
            "size": "500 Gram",
            "harga": "200.000",
            "link": "https://www.google.com/search?q=cappuccino+arabica&tbm=shop"
        },
        {
            "foto": "images/produk/product_espresso.jpg",
            "nama": "Pahit Arabica",
            "size": "100 Gram",
            "harga": "100.000",
            "link": "https://www.google.com/search?q=pahit+arabica&tbm=shop"
        },
        {
            "foto": "images/produk/product_latte.jpg",
            "nama": "Latte Arabica",
            "size": "150 Gram",
            "harga": "150.000",
            "link": "https://www.google.com/search?q=latte+arabica&tbm=shop"
        }
    ],
    "robusta": [
        {
            "foto": "images/produk/product_kopi_susu.jpg",
            "nama": "Kopsus Robusta",
            "size": "100 Gram",
            "harga": "500.000",
            "link": "https://www.google.com/search?q=kopi+susu+robusta&tbm=shop"
        },
        {
            "foto": "images/produk/product_latte.jpg",
            "nama": "Latte Robusta",
            "size": "150 Gram",
            "harga": "150.000",
            "link": "https://www.google.com/search?q=latte+robusta&tbm=shop"
        }
    ],
    "noncoffee": [
       {
           "foto": "https://kurio-img.kurioapps.com/21/04/09/7fbb8c6a-cb83-401e-8f6b-bce32c4c4d8e.jpe",
           "nama": "Es Cendol",
           "size": "100 Gram",
           "harga": "500.000",
           "link": "https://www.google.com/search?q=kopi+susu+robusta&tbm=shop"
        },
        {
           "foto": "images/produk/product_latte.jpg",
           "nama": "Latte Robusta",
           "size": "150 Gram",
           "harga": "150.000",
           "link": "https://www.google.com/search?q=latte+robusta&tbm=shop"
        }
    ]
}